0.5,-0.00707481
0.501,-0.00707481
0.502,-0.00707481
0.503,-0.00707481
0.504,-0.00707481
0.505,0.000313837
0.506,0.00156918
0.507,0.00156918
0.508,0.00345221
0.509,0.00439372
0.51,0.00470755
0.511,0.00345258
0.512,0.00156956
0.513,0.00156956
0.514,-0.00738865
0.515,-0.00927167
0.516,-0.010527
0.517,-0.0108409
0.518,-0.0108409
0.519,-0.00958588
0.52,-0.000313837
0.521,0.00313837
0.522,0.00313837
0.523,0.00815976
0.524,0.0100428
0.525,0.0100428
0.526,0.00941548
0.527,0.00659095
0.528,0.00659095
0.529,-0.00738865
0.53,-0.0120962
0.531,-0.0168038
0.532,-0.020256
0.533,-0.020256
0.534,-0.0218251
0.535,-0.0202563
0.536,-0.0146073
0.537,0.000313837
0.538,0.000313837
0.539,0.0109843
0.54,0.0213409
0.541,0.0285592
0.542,0.0320114
0.543,0.0320114
0.544,0.0320117
0.545,0.0260488
0.546,0.0150645
0.547,-0.00738865
0.548,-0.0268465
0.549,-0.0268465
0.55,-0.0503843
0.551,-0.0657623
0.552,-0.0657623
0.553,-0.0792573
0.554,-0.0792577
0.555,-0.0792577
0.556,-0.061369
0.557,-0.0390866
0.558,-0.0390866
0.559,0.0160057
0.56,0.0160057
0.561,0.0533523
0.562,0.0947787
0.563,0.127732
0.564,0.155349
0.565,0.178887
0.566,0.178887
0.567,0.185791
0.568,0.171669
0.569,0.140599
0.57,0.0913269
0.571,0.0913269
0.572,0.0348363
0.573,-0.0394
0.574,-0.117545
0.575,-0.199143
0.576,-0.285762
0.577,-0.285762
0.578,-0.364849
0.579,-0.427302
0.58,-0.456489
0.581,-0.459942
0.582,-0.459942
0.583,-0.442995
0.584,-0.411297
0.585,-0.376775
0.586,-0.335035
0.587,-0.335035
0.588,-0.285449
0.589,-0.223309
0.59,-0.139514
0.591,-0.0447356
0.592,-0.0447356
0.593,0.132125
0.594,0.264878
0.595,0.421169
0.596,0.564279
0.597,0.564279
0.598,0.695463
0.599,0.784906
0.6,0.847987
0.601,0.891611
0.602,0.891611
0.603,0.935234
0.604,0.956261
0.605,0.956261
0.606,0.973522
0.607,0.979799
0.608,0.968815
0.609,0.937745
0.61,0.937745
0.611,0.88502
0.612,0.804678
0.613,0.709586
0.614,0.596604
0.615,0.46699
0.616,0.46699
0.617,0.309757
0.618,0.149701
0.619,-0.0306126
0.62,-0.218287
0.621,-0.218287
0.622,-0.423536
0.623,-0.6586
0.624,-0.871382
0.625,-1.05717
0.626,-1.05717
0.627,-1.21095
0.628,-1.34496
0.629,-1.44602
0.63,-1.53985
0.631,-1.61769
0.632,-1.61769
0.633,-1.72031
0.634,-1.77178
0.635,-1.77178
0.636,-1.81195
0.637,-1.81383
0.638,-1.81383
0.639,-1.77806
0.64,-1.77806
0.641,-1.72973
0.642,-1.61831
0.643,-1.61831
0.644,-1.53797
0.645,-1.37321
0.646,-1.37321
0.647,-1.2483
0.648,-1.0305
0.649,-1.0305
0.65,-0.858829
0.651,-0.568843
0.652,-0.568843
0.653,-0.350099
0.654,-0.0996571
0.655,0.153466
0.656,0.412382
0.657,0.681968
0.658,0.681968
0.659,0.963479
0.66,1.23997
0.661,1.46499
0.662,1.67055
0.663,1.67055
0.664,1.83563
0.665,1.98973
0.666,2.12248
0.667,2.24833
0.668,2.24833
0.669,2.36696
0.67,2.47837
0.671,2.56373
0.672,2.6287
0.673,2.6287
0.674,2.67295
0.675,2.6968
0.676,2.70057
0.677,2.68331
0.678,2.68331
0.679,2.62933
0.68,2.57378
0.681,2.57378
0.682,2.45923
0.683,2.361
0.684,2.361
0.685,2.17803
0.686,2.03429
0.687,1.87361
0.688,1.69378
0.689,1.69378
0.69,1.48759
0.691,1.27826
0.692,1.03566
0.693,0.815035
0.694,0.815035
0.695,0.566476
0.696,0.257033
0.697,-0.0287296
0.698,-0.324364
0.699,-0.62753
0.7,-0.62753
0.701,-0.971809
0.702,-1.27937
0.703,-1.55743
0.704,-1.80473
0.705,-1.80473
0.706,-2.02881
0.707,-2.21649
0.708,-2.39255
0.709,-2.56516
0.71,-2.56516
0.711,-2.73024
0.712,-2.89877
0.713,-3.04659
0.714,-3.16051
0.715,-3.2487
0.716,-3.2487
0.717,-3.319
0.718,-3.36074
0.719,-3.3827
0.72,-3.38867
0.721,-3.38867
0.722,-3.38019
0.723,-3.35415
0.724,-3.31178
0.725,-3.25027
0.726,-3.17118
0.727,-3.17118
0.728,-3.06447
0.729,-2.94679
0.73,-2.81121
0.731,-2.65523
0.732,-2.65523
0.733,-2.49078
0.734,-2.294
0.735,-2.09786
0.736,-1.88727
0.737,-1.6679
0.738,-1.6679
0.739,-1.4115
0.74,-1.15886
0.741,-0.890212
0.742,-0.599285
0.743,-0.599285
0.744,-0.303651
0.745,0.0455064
0.746,0.404222
0.747,0.756347
0.748,0.756347
0.749,1.10784
0.75,1.49135
0.751,1.81931
0.752,1.81931
0.753,2.24362
0.754,2.50536
0.755,2.50536
0.756,2.8305
0.757,3.03512
0.758,3.23503
0.759,3.23503
0.76,3.41737
0.761,3.60096
0.762,3.74972
0.763,3.87714
0.764,3.87714
0.765,3.98133
0.766,4.10687
0.767,4.10687
0.768,4.15771
0.769,4.1938
0.77,4.20981
0.771,4.20855
0.772,4.18972
0.773,4.18972
0.774,4.15489
0.775,4.09777
0.776,4.02684
0.777,3.93771
0.778,3.93771
0.779,3.83697
0.78,3.70798
0.781,3.57303
0.782,3.42114
0.783,3.25888
0.784,3.25888
0.785,3.08251
0.786,2.87663
0.787,2.67264
0.788,2.45013
0.789,2.22071
0.79,2.22071
0.791,1.94767
0.792,1.68091
0.793,1.39375
0.794,1.09623
0.795,0.780199
0.796,0.780199
0.797,0.420228
0.798,0.0724967
0.799,-0.303023
0.8,-0.672409
0.801,-0.672409
0.802,-1.09703
0.803,-1.51789
0.804,-1.8584
0.805,-2.19075
0.806,-2.51212
0.807,-2.51212
0.808,-3.04282
0.809,-3.04282
0.81,-3.27537
0.811,-3.50698
0.812,-3.50698
0.813,-3.96016
0.814,-4.15412
0.815,-4.31857
0.816,-4.31857
0.817,-4.46293
0.818,-4.6029
0.819,-4.6936
0.82,-4.77363
0.821,-4.77363
0.822,-4.8433
0.823,-4.89352
0.824,-4.92145
0.825,-4.92145
0.826,-4.91988
0.827,-4.91988
0.828,-4.88881
0.829,-4.83294
0.83,-4.76014
0.831,-4.67477
0.832,-4.67477
0.833,-4.5734
0.834,-4.44818
0.835,-4.31763
0.836,-4.17703
0.837,-4.0223
0.838,-4.0223
0.839,-3.85346
0.84,-3.85346
0.841,-3.65449
0.842,-3.45332
0.843,-3.24399
0.844,-3.24399
0.845,-3.01646
0.846,-2.75189
0.847,-2.48796
0.848,-2.21303
0.849,-1.91928
0.85,-1.91928
0.851,-1.61015
0.852,-1.2574
0.853,-0.909356
0.854,-0.909356
0.855,-0.373951
0.856,0.0185164
0.857,0.436861
0.858,0.436861
0.859,0.843594
0.86,1.29677
0.861,1.71512
0.862,2.08827
0.863,2.08827
0.864,2.42847
0.865,2.7602
0.866,3.02915
0.867,3.28462
0.868,3.28462
0.869,3.55609
0.87,3.80025
0.871,4.05603
0.872,4.27132
0.873,4.46904
0.874,4.46904
0.875,4.64636
0.876,4.81332
0.877,4.94638
0.878,5.05403
0.879,5.15069
0.88,5.15069
0.881,5.22287
0.882,5.26775
0.883,5.30071
0.884,5.31357
0.885,5.30918
0.886,5.30918
0.887,5.2847
0.888,5.2461
0.889,5.2461
0.89,5.15603
0.891,5.07663
0.892,5.07663
0.893,4.92504
0.894,4.80673
0.895,4.80673
0.896,4.59897
0.897,4.44676
0.898,4.19066
0.899,4.00581
0.9,3.78801
0.901,3.57209
0.902,3.57209
0.903,3.57209
0.904,3.3342
0.905,3.09035
0.906,2.53298
0.907,2.53298
0.908,2.2386
0.909,1.92476
0.91,1.60057
0.911,1.22773
0.912,0.867132
0.913,0.867132
0.914,0.455692
0.915,0.0928961
0.916,-0.345391
0.917,-0.765305
0.918,-0.765305
0.919,-1.19275
0.92,-1.64907
0.921,-2.0241
0.922,-2.0241
0.923,-2.53409
0.924,-2.82219
0.925,-2.82219
0.926,-3.23489
0.927,-3.49412
0.928,-3.77688
0.929,-3.77688
0.93,-4.02764
0.931,-4.28373
0.932,-4.48867
0.933,-4.67414
0.934,-4.67414
0.935,-4.83577
0.936,-5.03694
0.937,-5.03694
0.938,-5.15526
0.939,-5.24752
0.94,-5.31751
0.941,-5.37431
0.942,-5.41605
0.943,-5.41605
0.944,-5.43457
0.945,-5.43112
0.946,-5.40695
0.947,-5.36553
0.948,-5.36553
0.949,-5.30715
0.95,-5.22493
0.951,-5.13674
0.952,-5.0316
0.953,-5.0316
0.954,-4.91266
0.955,-4.77865
0.956,-4.61703
0.957,-4.45226
0.958,-4.27306
0.959,-4.27306
0.96,-4.07974
0.961,-3.84938
0.962,-3.62969
0.963,-3.39149
0.964,-3.39149
0.965,-3.13791
0.966,-2.86864
0.967,-2.55857
0.968,-2.25572
0.969,-2.25572
0.97,-1.77335
0.971,-1.43346
0.972,-1.43346
0.973,-0.895861
0.974,-0.486304
0.975,-0.486304
0.976,0.115492
0.977,0.529757
0.978,0.956575
0.979,0.956575
0.98,1.37649
0.981,1.79734
0.982,2.17112
0.983,2.47711
0.984,2.75768
0.985,2.75768
0.986,3.04579
0.987,3.30533
0.988,3.55891
0.989,3.82222
0.99,3.82222
0.991,4.03155
0.992,4.25249
0.993,4.44989
0.994,4.60964
0.995,4.60964
0.996,4.74898
0.997,4.87326
0.998,4.96867
0.999,4.96867
1,5.07851
1.001,5.13155
1.002,5.16105
1.003,5.16105
1.004,5.17078
1.005,5.15917
1.006,5.12966
1.007,5.08447
1.008,5.02265
1.009,5.02265
1.01,4.90056
1.011,4.79982
1.012,4.79982
1.013,4.61026
1.014,4.61026
1.015,4.47249
1.016,4.24527
1.017,4.24527
1.018,4.07392
1.019,3.88875
1.02,3.67503
1.021,3.45974
1.022,3.2297
1.023,3.2297
1.024,2.98051
1.025,2.70339
1.026,2.42753
1.027,2.13597
1.028,2.13597
1.029,1.82528
1.03,1.4766
1.031,1.13578
1.032,0.778944
1.033,0.778944
1.034,0.407675
1.035,0.0144369
1.036,-0.418201
1.037,-0.868243
1.038,-1.29663
1.039,-1.29663
1.04,-1.73381
1.041,-2.14022
1.042,-2.5501
1.043,-2.89186
1.044,-2.89186
1.045,-3.20319
1.046,-3.62404
1.047,-3.62404
1.048,-3.89897
1.049,-4.31857
1.05,-4.31857
1.051,-4.55332
1.052,-4.80878
1.053,-5.03411
1.054,-5.22053
1.055,-5.22053
1.056,-5.38373
1.057,-5.52213
1.058,-5.6508
1.059,-5.74998
1.06,-5.83252
1.061,-5.89968
1.062,-5.89968
1.063,-5.94958
1.064,-5.97751
1.065,-5.98378
1.066,-5.97155
1.067,-5.97155
1.068,-5.93796
1.069,-5.88775
1.07,-5.82028
1.071,-5.73774
1.072,-5.64296
1.073,-5.64296
1.074,-5.52276
1.075,-5.39597
1.076,-5.2538
1.077,-5.09406
1.078,-5.09406
1.079,-4.91109
1.08,-4.72436
1.081,-4.52225
1.082,-4.30287
1.083,-4.07315
1.084,-4.07315
1.085,-3.80482
1.086,-3.54213
1.087,-3.54213
1.088,-3.12128
1.089,-2.82251
1.09,-2.82251
1.091,-2.34579
1.092,-1.98017
1.093,-1.98017
1.094,-1.44413
1.095,-1.06722
1.096,-1.06722
1.097,-0.471868
1.098,-0.0560337
1.099,-0.0560337
1.1,0.600684
1.101,1.09027
1.102,1.51709
1.103,1.51709
1.104,2.01169
1.105,2.48841
1.106,2.89232
1.107,3.25982
1.108,3.58684
1.109,3.58684
1.11,3.91982
1.111,4.21452
1.112,4.50293
1.113,4.78946
1.114,4.78946
1.115,5.07663
1.116,5.34872
1.117,5.57876
1.118,5.78998
1.119,5.78998
1.12,5.97075
1.121,6.14461
1.122,6.28821
1.123,6.28821
1.124,6.45611
1.125,6.55183
1.126,6.62307
1.127,6.62307
1.128,6.67485
1.129,6.71126
1.13,6.72664
1.131,6.72381
1.132,6.7031
1.133,6.7031
1.134,6.64127
1.135,6.58039
1.136,6.58039
1.137,6.50319
1.138,6.40307
1.139,6.29637
1.14,6.1669
1.141,6.1669
1.142,6.03351
1.143,5.87001
1.144,5.7043
1.145,5.52416
1.146,5.33366
1.147,5.33366
1.148,5.12715
1.149,4.88895
1.15,4.6542
1.151,4.6542
1.152,4.27415
1.153,4.00173
1.154,3.70892
1.155,3.70892
1.156,3.41235
1.157,3.0665
1.158,2.73572
1.159,2.38453
1.16,2.02393
1.161,1.64388
1.162,1.64388
1.163,1.21329
1.164,0.798715
1.165,0.798715
1.166,0.109529
1.167,-0.31338
1.168,-0.31338
1.169,-1.06376
1.17,-1.55774
1.171,-1.55774
1.172,-2.28459
1.173,-2.74624
1.174,-3.16302
1.175,-3.54433
1.176,-3.54433
1.177,-3.92031
1.178,-4.24733
1.179,-4.57309
1.18,-4.91046
1.181,-4.91046
1.182,-5.24533
1.183,-5.53845
1.184,-5.81463
1.185,-6.05659
1.186,-6.05659
1.187,-6.27911
1.188,-6.50085
1.189,-6.67942
1.19,-6.83571
1.191,-6.83571
1.192,-6.98855
1.193,-7.12161
1.194,-7.228
1.195,-7.31274
1.196,-7.37771
1.197,-7.37771
1.198,-7.42666
1.199,-7.45083
1.2,-7.45491
1.201,-7.43922
1.202,-7.43922
1.203,-7.40658
1.204,-7.35072
1.205,-7.29266
1.206,-7.21702
1.207,-7.12538
1.208,-7.12538
1.209,-7.00079
1.21,-6.88875
1.211,-6.7494
1.212,-6.60065
1.213,-6.60065
1.214,-6.41768
1.215,-6.21006
1.216,-6.02396
1.217,-5.79203
1.218,-5.79203
1.219,-5.56167
1.22,-5.29805
1.221,-5.03851
1.222,-4.77112
1.223,-4.4871
1.224,-4.4871
1.225,-4.18832
1.226,-3.8475
1.227,-3.51138
1.228,-3.51138
1.229,-2.99512
1.23,-2.62071
1.231,-2.62071
1.232,-2.04733
1.233,-1.63212
1.234,-1.17894
1.235,-1.17894
1.236,-0.735491
1.237,-0.235548
1.238,0.258915
1.239,0.744421
1.24,0.744421
1.241,1.25346
1.242,1.82684
1.243,2.33369
1.244,2.80758
1.245,2.80758
1.246,3.27708
1.247,3.66562
1.248,4.05383
1.249,4.38838
1.25,4.71979
1.251,4.71979
1.252,5.04807
1.253,5.39454
1.254,5.70524
1.255,5.98456
1.256,6.26826
1.257,6.26826
1.258,6.53237
1.259,6.74923
1.26,6.93565
1.261,7.10418
1.262,7.10418
1.263,7.25326
1.264,7.39323
1.265,7.5015
1.266,7.5015
1.267,7.63206
1.268,7.69608
1.269,7.74629
1.27,7.77422
1.271,7.77422
1.272,7.78395
1.273,7.77422
1.274,7.74786
1.275,7.70644
1.276,7.70644
1.277,7.65057
1.278,7.57337
1.279,7.49146
1.28,7.39511
1.281,7.28495
1.282,7.28495
1.283,7.14843
1.284,7.00972
1.285,6.85594
1.286,6.68741
1.287,6.68741
1.288,6.50413
1.289,6.28507
1.29,6.06898
1.291,5.83956
1.292,5.83956
1.293,5.59634
1.294,5.3142
1.295,5.0443
1.296,4.7584
1.297,4.45868
1.298,4.45868
1.299,4.14516
1.3,3.7833
1.301,3.44656
1.302,3.44656
1.303,2.89703
1.304,2.52325
1.305,2.52325
1.306,1.91252
1.307,1.49575
1.308,1.05386
1.309,1.05386
1.31,0.594094
1.311,0.0627678
1.312,-0.42385
1.313,-0.932894
1.314,-1.49843
1.315,-1.49843
1.316,-2.02536
1.317,-2.54884
1.318,-3.0265
1.319,-3.51263
1.32,-3.51263
1.321,-3.91999
1.322,-4.33175
1.323,-4.67948
1.324,-5.02815
1.325,-5.02815
1.326,-5.37494
1.327,-5.71483
1.328,-6.06444
1.329,-6.3706
1.33,-6.66812
1.331,-6.66812
1.332,-6.91762
1.333,-7.14766
1.334,-7.36421
1.335,-7.54718
1.336,-7.54718
1.337,-7.71226
1.338,-7.87325
1.339,-7.99785
1.34,-8.10549
1.341,-8.10549
1.342,-8.19996
1.343,-8.26806
1.344,-8.31451
1.345,-8.34307
1.346,-8.35123
1.347,-8.34401
1.348,-8.34401
1.349,-8.3189
1.35,-8.27905
1.351,-8.22538
1.352,-8.15759
1.353,-8.15759
1.354,-8.07568
1.355,-7.97211
1.356,-7.85913
1.357,-7.85913
1.358,-7.66392
1.359,-7.51579
1.36,-7.35291
1.361,-7.17559
1.362,-7.17559
1.363,-6.96595
1.364,-6.75631
1.365,-6.5316
1.366,-6.26341
1.367,-6.26341
1.368,-6.02553
1.369,-5.73366
1.37,-5.44838
1.371,-5.12513
1.372,-5.12513
1.373,-4.81066
1.374,-4.48835
1.375,-4.11959
1.376,-3.76402
1.377,-3.39306
1.378,-3.39306
1.379,-2.80776
1.38,-2.39757
1.381,-2.39757
1.382,-1.75107
1.383,-1.29914
1.384,-1.29914
1.385,-0.547502
1.386,-0.547502
1.387,-0.0450495
1.388,0.476404
1.389,1.04508
1.39,1.59021
1.391,2.14351
1.392,2.14351
1.393,2.69272
1.394,3.22907
1.395,3.68853
1.396,4.137
1.397,4.137
1.398,4.48944
1.399,4.87922
1.4,5.26461
1.401,5.61674
1.402,5.61674
1.403,5.96478
1.404,6.32587
1.405,6.63688
1.406,6.92624
1.407,6.92624
1.408,7.19112
1.409,7.43559
1.41,7.66407
1.411,7.87026
1.412,8.03785
1.413,8.03785
1.414,8.1888
1.415,8.32721
1.416,8.43956
1.417,8.53653
1.418,8.53653
1.419,8.6175
1.42,8.68498
1.421,8.72923
1.422,8.75748
1.423,8.75748
1.424,8.76407
1.425,8.75371
1.426,8.72484
1.427,8.68059
1.428,8.62692
1.429,8.62692
1.43,8.56039
1.431,8.44144
1.432,8.44144
1.433,8.34352
1.434,8.22678
1.435,8.10219
1.436,7.96347
1.437,7.80843
1.438,7.6421
1.439,7.6421
1.44,7.4447
1.441,7.24729
1.442,7.03545
1.443,6.80447
1.444,6.80447
1.445,6.54681
1.446,6.28946
1.447,6.01123
1.448,5.72219
1.449,5.42655
1.45,5.42655
1.451,5.09012
1.452,4.76812
1.453,4.43357
1.454,4.07862
1.455,4.07862
1.456,3.53349
1.457,3.13806
1.458,3.13806
1.459,2.53235
1.46,2.09329
1.461,2.09329
1.462,1.42011
1.463,0.933665
1.464,0.933665
1.465,0.193638
1.466,-0.342253
1.467,-0.342253
1.468,-1.1915
1.469,-1.73977
1.47,-1.73977
1.471,-2.33104
1.472,-2.84981
1.473,-3.3328
1.474,-3.78222
1.475,-3.78222
1.476,-4.17891
1.477,-4.59129
1.478,-4.99394
1.479,-5.33665
1.48,-5.33665
1.481,-5.69851
1.482,-6.10681
1.483,-6.43996
1.484,-6.74532
1.485,-7.01993
1.486,-7.01993
1.487,-7.29422
1.488,-7.52081
1.489,-7.72826
1.49,-7.9197
1.491,-7.9197
1.492,-8.08666
1.493,-8.26273
1.494,-8.39359
1.495,-8.50752
1.496,-8.50752
1.497,-8.59822
1.498,-8.67605
1.499,-8.72783
1.5,-8.76141
1.501,-8.77553
1.502,-8.77553
1.503,-8.76612
1.504,-8.76612
1.505,-8.73976
1.506,-8.67228
1.507,-8.67228
1.508,-8.60544
1.509,-8.52195
1.51,-8.43
1.511,-8.3233
1.512,-8.21157
1.513,-8.21157
1.514,-8.06658
1.515,-7.90024
1.516,-7.73046
1.517,-7.54247
1.518,-7.54247
1.519,-7.3482
1.52,-7.11816
1.521,-6.89251
1.522,-6.64929
1.523,-6.39571
1.524,-6.11717
1.525,-6.11717
1.526,-5.80427
1.527,-5.50016
1.528,-5.17754
1.529,-4.85429
1.53,-4.85429
1.531,-4.47862
1.532,-4.12399
1.533,-3.74738
1.534,-3.36231
1.535,-2.95746
1.536,-2.95746
1.537,-2.50051
1.538,-2.06114
1.539,-1.59666
1.54,-1.09107
1.541,-1.09107
1.542,-0.555662
1.543,-0.0425388
1.544,0.503081
1.545,1.03754
1.546,1.03754
1.547,1.59586
1.548,2.2047
1.549,2.75455
1.55,3.25951
1.551,3.76259
1.552,3.76259
1.553,4.21546
1.554,4.60462
1.555,4.97055
1.556,5.3346
1.557,5.3346
1.558,5.72878
1.559,6.07651
1.56,6.4263
1.561,6.73919
1.562,6.73919
1.563,7.03545
1.564,7.35054
1.565,7.57651
1.566,7.8122
1.567,7.8122
1.568,8.00803
1.569,8.19602
1.57,8.352
1.571,8.48789
1.572,8.60934
1.573,8.60934
1.574,8.76124
1.575,8.76124
1.576,8.84849
1.577,8.91596
1.578,8.96021
1.579,8.98658
1.58,8.99568
1.581,8.99568
1.582,8.98815
1.583,8.96335
1.584,8.92663
1.585,8.87862
1.586,8.87862
1.587,8.81773
1.588,8.73614
1.589,8.64606
1.59,8.5425
1.591,8.42512
1.592,8.42512
1.593,8.29519
1.594,8.13985
1.595,7.97947
1.596,7.81063
1.597,7.81063
1.598,7.62358
1.599,7.40013
1.6,7.18453
1.601,6.95385
1.602,6.70655
1.603,6.70655
1.604,6.44544
1.605,6.14147
1.606,5.84678
1.607,5.55052
1.608,5.55052
1.609,5.23637
1.61,4.87671
1.611,4.5384
1.612,4.18658
1.613,3.81594
1.614,3.81594
1.615,3.4293
1.616,2.99181
1.617,2.56311
1.618,2.13315
1.619,2.13315
1.62,1.67777
1.621,0.960027
1.622,0.459771
1.623,0.459771
1.624,-0.151126
1.625,-0.646361
1.626,-1.19055
1.627,-1.79783
1.628,-2.35269
1.629,-2.35269
1.63,-2.93078
1.631,-3.41785
1.632,-3.41785
1.633,-4.08382
1.634,-4.47862
1.635,-4.47862
1.636,-5.05294
1.637,-5.42547
1.638,-5.82844
1.639,-6.18746
1.64,-6.18746
1.641,-6.56267
1.642,-6.87274
1.643,-7.16053
1.644,-7.42321
1.645,-7.42321
1.646,-7.77345
1.647,-7.99722
1.648,-7.99722
1.649,-8.20027
1.65,-8.35593
1.651,-8.51631
1.652,-8.64812
1.653,-8.64812
1.654,-8.7611
1.655,-8.86309
1.656,-8.93465
1.657,-8.99428
1.658,-8.99428
1.659,-9.03037
1.66,-9.04826
1.661,-9.04889
1.662,-9.03288
1.663,-9.00087
1.664,-9.00087
1.665,-8.95003
1.666,-8.89103
1.667,-8.81884
1.668,-8.73128
1.669,-8.73128
1.67,-8.6274
1.671,-8.49402
1.672,-8.36001
1.673,-8.20969
1.674,-8.04555
1.675,-8.04555
1.676,-7.77157
1.677,-7.77157
1.678,-7.57197
1.679,-7.24684
1.68,-7.24684
1.681,-6.99231
1.682,-6.6336
1.683,-6.6336
1.684,-6.33828
1.685,-6.03117
1.686,-5.73805
1.687,-5.39189
1.688,-5.05891
1.689,-5.05891
1.69,-4.71275
1.691,-4.32233
1.692,-3.94573
1.693,-3.55406
1.694,-3.55406
1.695,-3.14576
1.696,-2.67689
1.697,-2.24159
1.698,-1.7812
1.699,-1.7812
1.7,-1.30322
1.701,-0.806732
1.702,-0.249357
1.703,0.289671
1.704,0.88502
1.705,0.88502
1.706,1.45024
1.707,2.03806
1.708,2.64031
1.709,3.17383
1.71,3.17383
1.711,3.66373
1.712,4.153
1.713,4.54404
1.714,4.92536
1.715,5.32989
1.716,5.32989
1.717,5.70524
1.718,6.06804
1.719,6.45768
1.72,6.45768
1.721,6.9526
1.722,7.25294
1.723,7.52818
1.724,7.77768
1.725,7.77768
1.726,8.01996
1.727,8.22019
1.728,8.41445
1.729,8.57482
1.73,8.57482
1.731,8.72515
1.732,8.85665
1.733,8.96837
1.734,9.06441
1.735,9.06441
1.736,9.14506
1.737,9.2116
1.738,9.25522
1.739,9.28064
1.74,9.28064
1.741,9.28441
1.742,9.27091
1.743,9.24392
1.744,9.20218
1.745,9.15291
1.746,9.15291
1.747,9.09171
1.748,9.0211
1.749,8.92695
1.75,8.82495
1.751,8.82495
1.752,8.70758
1.753,8.57702
1.754,8.41885
1.755,8.25785
1.756,8.08335
1.757,8.08335
1.758,7.89097
1.759,7.67411
1.76,7.45568
1.761,7.45568
1.762,7.10167
1.763,6.84841
1.764,6.58259
1.765,6.58259
1.766,6.30076
1.767,5.97985
1.768,5.6726
1.769,5.35249
1.77,5.01919
1.771,5.01919
1.772,4.66676
1.773,4.28262
1.774,3.90664
1.775,3.51497
1.776,3.51497
1.777,3.10385
1.778,2.64816
1.779,2.20596
1.78,1.74588
1.781,1.26696
1.782,1.26696
1.783,0.7598
1.784,0.209957
1.785,-0.330013
1.786,-0.880169
1.787,-0.880169
1.788,-1.44916
1.789,-2.06773
1.79,-2.63295
1.791,-3.17651
1.792,-3.17651
1.793,-3.73232
1.794,-4.16636
1.795,-4.65939
1.796,-5.06173
1.797,-5.06173
1.798,-5.64767
1.799,-6.03431
1.8,-6.41925
1.801,-6.41925
1.802,-6.78926
1.803,-7.15143
1.804,-7.48943
1.805,-7.77471
1.806,-8.03959
1.807,-8.03959
1.808,-8.2916
1.809,-8.5072
1.81,-8.70492
1.811,-8.88663
1.812,-8.88663
1.813,-9.04732
1.814,-9.20329
1.815,-9.33793
1.816,-9.44212
1.817,-9.52655
1.818,-9.52655
1.819,-9.59842
1.82,-9.6458
1.821,-9.67593
1.822,-9.69006
1.823,-9.69006
1.824,-9.68692
1.825,-9.66809
1.826,-9.63608
1.827,-9.58931
1.828,-9.52906
1.829,-9.52906
1.83,-9.44746
1.831,-9.3577
1.832,-9.25257
1.833,-9.12923
1.834,-9.12923
1.835,-8.92272
1.836,-8.76298
1.837,-8.76298
1.838,-8.48775
1.839,-8.3098
1.84,-8.3098
1.841,-8.0738
1.842,-7.85285
1.843,-7.61842
1.844,-7.36578
1.845,-7.36578
1.846,-7.10875
1.847,-6.80841
1.848,-6.51622
1.849,-6.19876
1.85,-5.87771
1.851,-5.87771
1.852,-5.50895
1.853,-5.154
1.854,-4.78524
1.855,-4.39452
1.856,-4.39452
1.857,-4.00316
1.858,-3.5528
1.859,-3.12065
1.86,-3.12065
1.861,-2.44119
1.862,-1.92682
1.863,-1.92682
1.864,-1.18145
1.865,-0.662367
1.866,-0.662367
1.867,0.156605
1.868,0.72057
1.869,1.31215
1.87,1.31215
1.871,1.89557
1.872,2.53204
1.873,3.13272
1.874,3.60536
1.875,3.60536
1.876,4.10185
1.877,4.55534
1.878,4.95046
1.879,5.3415
1.88,5.72407
1.881,5.72407
1.882,6.10601
1.883,6.51448
1.884,6.86818
1.885,7.2043
1.886,7.2043
1.887,7.52755
1.888,7.82569
1.889,8.07488
1.89,8.3043
1.891,8.3043
1.892,8.50452
1.893,8.70569
1.894,8.8714
1.895,9.0233
1.896,9.15762
1.897,9.15762
1.898,9.28786
1.899,9.39864
1.9,9.48338
1.901,9.54897
1.902,9.5973
1.903,9.5973
1.904,9.62931
1.905,9.64124
1.906,9.63842
1.907,9.62178
1.908,9.62178
1.909,9.59291
1.91,9.54866
1.911,9.49405
1.912,9.4272
1.913,9.34529
1.914,9.34529
1.915,9.23984
1.916,9.12718
1.917,8.99944
1.918,8.86324
1.919,8.86324
1.92,8.71134
1.921,8.53057
1.922,8.34666
1.923,8.34666
1.924,8.03189
1.925,7.83072
1.926,7.6035
1.927,7.6035
1.928,7.34113
1.929,7.06433
1.93,6.81891
1.931,6.533
1.932,6.21272
1.933,6.21272
1.934,5.90202
1.935,5.54832
1.936,5.23292
1.937,5.23292
1.938,4.67021
1.939,4.32342
1.94,4.32342
1.941,3.70547
1.942,3.28587
1.943,3.28587
1.944,2.64502
1.945,2.18242
1.946,2.18242
1.947,1.47503
1.948,0.964107
1.949,0.454122
1.95,0.454122
1.951,-0.0893001
1.952,-0.689984
1.953,-1.2665
1.954,-1.84428
1.955,-2.43272
1.956,-2.43272
1.957,-3.0538
1.958,-3.59831
1.959,-4.11551
1.96,-4.61106
1.961,-4.61106
1.962,-5.04133
1.963,-5.48384
1.964,-5.88995
1.965,-6.27722
1.966,-6.27722
1.967,-6.6722
1.968,-7.08458
1.969,-7.43043
1.97,-7.75148
1.971,-7.75148
1.972,-8.07254
1.973,-8.34307
1.974,-8.61297
1.975,-8.8361
1.976,-9.04324
1.977,-9.04324
1.978,-9.23342
1.979,-9.42047
1.98,-9.5777
1.981,-9.71234
1.982,-9.71234
1.983,-9.84007
1.984,-9.94489
1.985,-10.0243
1.986,-10.083
1.987,-10.1244
1.988,-10.1244
1.989,-10.1483
1.99,-10.1548
1.991,-10.1445
1.992,-10.1184
1.993,-10.0792
1.994,-10.0792
1.995,-10.0199
1.996,-9.95085
1.997,-9.87051
1.998,-9.77448
1.999,-9.77448
2,-9.65271
2.001,-9.52435
2.002,-9.38469
2.003,-9.38469
2.004,-9.14555
2.005,-8.97074
2.006,-8.97074
2.007,-8.6613
2.008,-8.45417
2.009,-8.23009
2.01,-7.99251
2.011,-7.99251
2.012,-7.71665
2.013,-7.4524
2.014,-7.17183
2.015,-6.87714
2.016,-6.87714
2.017,-6.56738
2.018,-6.20096
2.019,-5.86296
2.02,-5.50267
2.021,-5.50267
2.022,-5.12827
2.023,-4.70239
2.024,-4.30162
2.025,-3.88139
2.026,-3.44516
2.027,-3.44516
2.028,-2.75942
2.029,-2.24065
2.03,-2.24065
2.031,-1.48995
2.032,-0.966788
2.033,-0.966788
2.034,-0.368929
2.035,0.190185
2.036,0.770783
2.037,1.36802
2.038,1.36802
2.039,2.02958
2.04,2.64282
2.041,3.20365
2.042,3.20365
2.043,3.98887
2.044,4.47469
2.045,4.8946
2.046,4.8946
2.047,5.29819
2.048,5.73757
2.049,6.12704
2.05,6.52484
2.051,6.52484
2.052,6.93471
2.053,7.30567
2.054,7.62327
2.055,7.95248
2.056,8.22929
2.057,8.22929
2.058,8.48161
2.059,8.72954
2.06,8.9373
2.061,9.12686
2.062,9.12686
2.063,9.31391
2.064,9.47271
2.065,9.61111
2.066,9.747
2.067,9.747
2.068,9.85653
2.069,9.9874
2.07,9.9874
2.071,10.0524
2.072,10.1029
2.073,10.1311
2.074,10.1453
2.075,10.1453
2.076,10.1449
2.077,10.1299
2.078,10.1032
2.079,10.0643
2.08,10.0643
2.081,9.97767
2.082,9.89513
2.083,9.89513
2.084,9.75454
2.085,9.64406
2.086,9.64406
2.087,9.45545
2.088,9.3136
2.089,9.3136
2.09,9.07414
2.091,8.89713
2.092,8.70695
2.093,8.50295
2.094,8.50295
2.095,8.26789
2.096,8.03847
2.097,7.79745
2.098,7.52284
2.099,7.52284
2.1,7.27679
2.101,6.97645
2.102,6.68207
2.103,6.37263
2.104,6.04136
2.105,6.04136
2.106,5.67072
2.107,5.31389
2.108,4.94387
2.109,4.52867
2.11,4.52867
2.111,4.16179
2.112,3.72085
2.113,3.29435
2.114,3.29435
2.115,2.62368
2.116,2.15386
2.117,2.15386
2.118,1.41321
2.119,0.895063
2.12,0.895063
2.121,0.0822256
2.122,-0.536204
2.123,-0.536204
2.124,-1.41432
2.125,-2.01375
2.126,-2.6138
2.127,-2.6138
2.128,-3.20162
2.129,-3.79446
2.13,-4.3079
2.131,-4.81851
2.132,-4.81851
2.133,-5.25914
2.134,-5.87708
2.135,-5.87708
2.136,-6.2934
2.137,-6.72398
2.138,-7.11314
2.139,-7.48158
2.14,-7.48158
2.141,-7.82429
2.142,-8.14598
2.143,-8.45354
2.144,-8.73944
2.145,-8.9811
2.146,-8.9811
2.147,-9.208
2.148,-9.42612
2.149,-9.61348
2.15,-9.78452
2.151,-9.78452
2.152,-9.93924
2.153,-10.0842
2.154,-10.1985
2.155,-10.3027
2.156,-10.3027
2.157,-10.3811
2.158,-10.4386
2.159,-10.4816
2.16,-10.5041
2.161,-10.5114
2.162,-10.5114
2.163,-10.5054
2.164,-10.4831
2.165,-10.4477
2.166,-10.3993
2.167,-10.3993
2.168,-10.3347
2.169,-10.2572
2.17,-10.1574
2.171,-10.0503
2.172,-9.92889
2.173,-9.79111
2.174,-9.79111
2.175,-9.63105
2.176,-9.4666
2.177,-9.28991
2.178,-9.09847
2.179,-8.8973
2.18,-8.8973
2.181,-8.66318
2.182,-8.4322
2.183,-8.18772
2.184,-7.92472
2.185,-7.92472
2.186,-7.63317
2.187,-7.34632
2.188,-7.01899
2.189,-6.72587
2.19,-6.72587
2.191,-6.39759
2.192,-6.01329
2.193,-5.61534
2.194,-5.61534
2.195,-5.03443
2.196,-4.62895
2.197,-4.20433
2.198,-3.77218
2.199,-3.77218
2.2,-3.28071
2.201,-2.80964
2.202,-2.32131
2.203,-1.80662
2.204,-1.80662
2.205,-1.29349
2.206,-0.706304
2.207,-0.145163
2.208,0.445648
2.209,0.445648
2.21,1.03629
2.211,1.75215
2.212,2.37104
2.213,2.97455
2.214,3.53004
2.215,3.53004
2.216,4.08584
2.217,4.55001
2.218,4.97871
2.219,5.39674
2.22,5.39674
2.221,5.79343
2.222,6.26262
2.223,6.66638
2.224,7.05773
2.225,7.05773
2.226,7.41363
2.227,7.77862
2.228,8.08775
2.229,8.37334
2.23,8.62912
2.231,8.62912
2.232,8.88552
2.233,9.11431
2.234,9.29351
2.235,9.47616
2.236,9.47616
2.237,9.64971
2.238,9.80946
2.239,9.94127
2.24,9.94127
2.241,10.1082
2.242,10.1983
2.243,10.2727
2.244,10.2727
2.245,10.3276
2.246,10.37
2.247,10.3885
2.248,10.3919
2.249,10.3919
2.25,10.3806
2.251,10.3552
2.252,10.3194
2.253,10.2699
2.254,10.2137
2.255,10.2137
2.256,10.1358
2.257,10.0417
2.258,9.93939
2.259,9.82044
2.26,9.82044
2.261,9.69177
2.262,9.53391
2.263,9.37636
2.264,9.20312
2.265,9.02016
2.266,8.82338
2.267,8.82338
2.268,8.59679
2.269,8.3746
2.27,8.13639
2.271,7.89505
2.272,7.89505
2.273,7.63582
2.274,7.34019
2.275,7.04958
2.276,7.04958
2.277,6.59357
2.278,6.25916
2.279,5.9221
2.28,5.56653
2.281,5.56653
2.282,5.16544
2.283,4.78287
2.284,4.38022
2.285,3.9782
2.286,3.9782
2.287,3.55358
2.288,3.07466
2.289,2.60987
2.29,2.13629
2.291,1.63917
2.292,1.63917
2.293,1.07521
2.294,0.540741
2.295,-0.0331233
2.296,-0.597088
2.297,-0.597088
2.298,-1.18836
2.299,-1.84239
2.3,-2.45061
2.301,-3.0265
2.302,-3.0265
2.303,-3.62059
2.304,-4.16918
2.305,-4.6368
2.306,-5.06487
2.307,-5.48008
2.308,-5.48008
2.309,-6.09269
2.31,-6.50085
2.311,-6.50085
2.312,-6.95403
2.313,-7.28952
2.314,-7.63662
2.315,-7.9696
2.316,-7.9696
2.317,-8.25582
2.318,-8.53953
2.319,-8.78401
2.32,-9.00118
2.321,-9.00118
2.322,-9.20549
2.323,-9.42361
2.324,-9.58021
2.325,-9.73148
2.326,-9.73148
2.327,-9.87647
2.328,-10.04
2.329,-10.04
2.33,-10.1257
2.331,-10.1985
2.332,-10.2465
2.333,-10.2791
2.334,-10.2973
2.335,-10.2973
2.336,-10.2998
2.337,-10.2854
2.338,-10.2575
2.339,-10.2179
2.34,-10.2179
2.341,-10.1583
2.342,-10.0817
2.343,-10.0017
2.344,-9.90315
2.345,-9.90315
2.346,-9.7795
2.347,-9.6502
2.348,-9.49297
2.349,-9.34797
2.35,-9.34797
2.351,-9.07588
2.352,-8.88726
2.353,-8.68452
2.354,-8.46766
2.355,-8.46766
2.356,-8.21691
2.357,-7.9674
2.358,-7.71257
2.359,-7.43922
2.36,-7.43922
2.361,-7.15206
2.362,-6.82253
2.363,-6.50806
2.364,-6.50806
2.365,-5.99226
2.366,-5.63668
2.367,-5.63668
2.368,-5.06613
2.369,-4.67289
2.37,-4.67289
2.371,-4.0449
2.372,-3.57571
2.373,-3.12222
2.374,-2.65209
2.375,-2.65209
2.376,-2.11857
2.377,-1.61706
2.378,-1.09326
2.379,-0.550955
2.38,-0.550955
2.381,0.0169472
2.382,0.656547
2.383,1.24374
2.384,1.90813
2.385,1.90813
2.386,2.52199
2.387,3.17258
2.388,3.713
2.389,4.21765
2.39,4.21765
2.391,4.67648
2.392,5.14033
2.393,5.54393
2.394,5.9811
2.395,6.38926
2.396,6.38926
2.397,6.82455
2.398,7.19928
2.399,7.55768
2.4,7.89034
2.401,7.89034
2.402,8.22176
2.403,8.50609
2.404,8.77756
2.405,9.01043
2.406,9.01043
2.407,9.22352
2.408,9.43756
2.409,9.61143
2.41,9.77305
2.411,9.77305
2.412,9.93123
2.413,10.0659
2.414,10.1751
2.415,10.2805
2.416,10.3606
2.417,10.3606
2.418,10.4218
2.419,10.4679
2.42,10.4942
2.421,10.5059
2.422,10.5059
2.423,10.5021
2.424,10.4842
2.425,10.455
2.426,10.4095
2.427,10.4095
2.428,10.353
2.429,10.2821
2.43,10.1999
2.431,10.0954
2.432,9.98552
2.433,9.98552
2.434,9.86124
2.435,9.7106
2.436,9.55745
2.437,9.39111
2.438,9.39111
2.439,9.2116
2.44,8.99788
2.441,8.79827
2.442,8.58236
2.443,8.35451
2.444,8.11505
2.445,8.11505
2.446,7.84139
2.447,7.57431
2.448,7.29343
2.449,6.97206
2.45,6.97206
2.451,6.49911
2.452,6.15842
2.453,6.15842
2.454,5.79123
2.455,5.41149
2.456,5.03143
2.457,4.63914
2.458,4.63914
2.459,4.23021
2.46,3.7786
2.461,3.34174
2.462,2.88761
2.463,2.4156
2.464,2.4156
2.465,1.88271
2.466,1.36958
2.467,0.836376
2.468,0.283709
2.469,0.283709
2.47,-0.298629
2.471,-0.930697
2.472,-1.53452
2.473,-2.14776
2.474,-2.75534
2.475,-2.75534
2.476,-3.38898
2.477,-3.93537
2.478,-4.48427
2.479,-4.94969
2.48,-4.94969
2.481,-5.5962
2.482,-6.01172
2.483,-6.01172
2.484,-6.63297
2.485,-6.63297
2.486,-7.03311
2.487,-7.44926
2.488,-7.82806
2.489,-8.15382
2.49,-8.45354
2.491,-8.45354
2.492,-8.73474
2.493,-9.00432
2.494,-9.23782
2.495,-9.23782
2.496,-9.55542
2.497,-9.74686
2.498,-9.93516
2.499,-9.93516
2.5,-10.093
2.501,-10.2374
2.502,-10.3548
2.503,-10.453
2.504,-10.453
2.505,-10.533
2.506,-10.5983
2.507,-10.5983
2.508,-10.6677
2.509,-10.6677
2.51,-10.6746
2.511,-10.667
2.512,-10.6432
2.513,-10.6046
2.514,-10.5559
2.515,-10.5559
2.516,-10.4932
2.517,-10.4194
2.518,-10.3218
2.519,-10.2154
2.52,-10.2154
2.521,-10.0933
2.522,-9.95839
2.523,-9.7955
2.524,-9.63074
2.525,-9.63074
2.526,-9.36084
2.527,-9.16595
2.528,-9.16595
2.529,-8.84929
2.53,-8.62207
2.531,-8.62207
2.532,-8.25457
2.533,-7.9922
2.534,-7.71508
2.535,-7.71508
2.536,-7.41819
2.537,-7.09211
2.538,-6.77043
2.539,-6.40481
2.54,-6.0704
2.541,-6.0704
2.542,-5.7029
2.543,-5.25003
2.544,-4.84581
2.545,-4.42245
2.546,-3.99155
2.547,-3.99155
2.548,-3.50259
2.549,-3.03435
2.55,-2.54978
2.551,-2.03886
2.552,-2.03886
2.553,-1.48399
2.554,-0.947958
2.555,-0.390898
2.556,0.196148
2.557,0.783651
2.558,0.783651
2.559,1.44491
2.56,2.11463
2.561,2.11463
2.562,2.9984
2.563,3.5382
2.564,4.03406
2.565,4.47783
2.566,4.47783
2.567,4.93226
2.568,5.33962
2.569,5.7451
2.57,6.15466
2.571,6.15466
2.572,6.58133
2.573,6.98775
2.574,7.34082
2.575,7.6738
2.576,7.6738
2.577,7.96912
2.578,8.26632
2.579,8.51614
2.58,8.74681
2.581,8.74681
2.582,8.95362
2.583,9.15981
2.584,9.34749
2.585,9.50535
2.586,9.64532
2.587,9.64532
2.588,9.78121
2.589,9.88949
2.59,9.98018
2.591,10.0539
2.592,10.0539
2.593,10.1073
2.594,10.1478
2.595,10.1704
2.596,10.1704
2.597,10.177
2.598,10.166
2.599,10.166
2.6,10.1252
2.601,10.0812
2.602,10.0213
2.603,10.0213
2.604,9.94911
2.605,9.85402
2.606,9.75202
2.607,9.63622
2.608,9.51037
2.609,9.51037
2.61,9.37103
2.611,9.20438
2.612,9.03616
2.613,8.85069
2.614,8.85069
2.615,8.65987
2.616,8.43422
2.617,8.21328
2.618,7.97853
2.619,7.73594
2.62,7.73594
2.621,7.4789
2.622,7.18547
2.623,6.9005
2.624,6.9005
2.625,6.44544
2.626,6.11668
2.627,6.11668
2.628,5.57374
2.629,5.24265
2.63,4.86165
2.631,4.48222
2.632,4.48222
2.633,4.04599
2.634,3.59626
2.635,3.19517
2.636,2.75015
2.637,2.28285
2.638,2.28285
2.639,1.75529
2.64,1.2475
2.641,0.709586
2.642,0.172925
2.643,0.172925
2.644,-0.453351
2.645,-1.07757
2.646,-1.62867
2.647,-2.278
2.648,-2.278
2.649,-2.87711
2.65,-3.50102
2.651,-4.04741
2.652,-4.54359
2.653,-5.00524
2.654,-5.00524
2.655,-5.4716
2.656,-5.88555
2.657,-6.30658
2.658,-6.73528
2.659,-6.73528
2.66,-7.31651
2.661,-7.67773
2.662,-7.67773
2.663,-8.04272
2.664,-8.34558
2.665,-8.63243
2.666,-8.88632
2.667,-8.88632
2.668,-9.14429
2.669,-9.38124
2.67,-9.56829
2.671,-9.76789
2.672,-9.76789
2.673,-9.93673
2.674,-10.0993
2.675,-10.2317
2.676,-10.3438
2.677,-10.4373
2.678,-10.4373
2.679,-10.5412
2.68,-10.5412
2.681,-10.5917
2.682,-10.6222
2.683,-10.6341
2.684,-10.6319
2.685,-10.6159
2.686,-10.6159
2.687,-10.587
2.688,-10.5399
2.689,-10.4825
2.69,-10.4825
2.691,-10.3739
2.692,-10.2804
2.693,-10.2804
2.694,-10.1188
2.695,-9.98914
2.696,-9.98914
2.697,-9.77511
2.698,-9.61065
2.699,-9.61065
2.7,-9.33071
2.701,-9.15151
2.702,-8.93183
2.703,-8.93183
2.704,-8.71214
2.705,-8.45825
2.706,-8.22883
2.707,-7.94732
2.708,-7.94732
2.709,-7.67052
2.71,-7.3799
2.711,-7.04598
2.712,-6.7494
2.713,-6.39163
2.714,-6.39163
2.715,-6.03149
2.716,-5.62821
2.717,-5.23246
2.718,-4.8364
2.719,-4.41805
2.72,-4.41805
2.721,-3.98433
2.722,-3.49192
2.723,-3.02932
2.724,-2.54633
2.725,-2.04545
2.726,-2.04545
2.727,-1.48085
2.728,-0.937288
2.729,-0.393095
2.73,0.233808
2.731,0.233808
2.732,1.12605
2.733,1.7396
2.734,1.7396
2.735,2.40525
2.736,2.97863
2.737,3.4974
2.738,4.01617
2.739,4.01617
2.74,4.4524
2.741,4.86824
2.742,5.30133
2.743,5.70304
2.744,6.1013
2.745,6.1013
2.746,6.5308
2.747,6.89736
2.748,7.24478
2.749,7.5922
2.75,7.5922
2.751,7.89254
2.752,8.1593
2.753,8.41916
2.754,8.64167
2.755,8.64167
2.756,8.84535
2.757,9.04966
2.758,9.21536
2.759,9.36946
2.76,9.36946
2.761,9.50723
2.762,9.63999
2.763,9.74261
2.764,9.82923
2.765,9.90204
2.766,9.90204
2.767,9.96857
2.768,9.96857
2.769,9.99274
2.77,10.0028
2.771,9.9987
2.772,9.98144
2.773,9.95006
2.774,9.95006
2.775,9.90141
2.776,9.84115
2.777,9.76991
2.778,9.6833
2.779,9.6833
2.78,9.5835
2.781,9.40963
2.782,9.40963
2.783,9.26526
2.784,9.11054
2.785,8.95488
2.786,8.77913
2.787,8.57357
2.788,8.57357
2.789,8.36926
2.79,8.14895
2.791,7.92487
2.792,7.66407
2.793,7.66407
2.794,7.4108
2.795,7.14216
2.796,6.86567
2.797,6.57192
2.798,6.22998
2.799,6.22998
2.8,5.90359
2.801,5.55491
2.802,5.20499
2.803,4.80453
2.804,4.80453
2.805,4.42102
2.806,3.82002
2.807,3.40042
2.808,3.40042
2.809,2.74011
2.81,2.27783
2.811,2.27783
2.812,1.79232
2.813,1.25378
2.814,0.731554
2.815,0.731554
2.816,-0.0924384
2.817,-0.659228
2.818,-1.24234
2.819,-1.83643
2.82,-1.83643
2.821,-2.47603
2.822,-3.04533
2.823,-3.5823
2.824,-4.12053
2.825,-4.12053
2.826,-4.59631
2.827,-5.03255
2.828,-5.43834
2.829,-5.83911
2.83,-5.83911
2.831,-6.23956
2.832,-6.6609
2.833,-7.02997
2.834,-7.40187
2.835,-7.40187
2.836,-7.72073
2.837,-8.00726
2.838,-8.29317
2.839,-8.53419
2.84,-8.75576
2.841,-8.75576
2.842,-9.05516
2.843,-9.23436
2.844,-9.23436
2.845,-9.41011
2.846,-9.55322
2.847,-9.6888
2.848,-9.79425
2.849,-9.79425
2.85,-9.88212
2.851,-9.95242
2.852,-10.0008
2.853,-10.0008
2.854,-10.0434
2.855,-10.0513
2.856,-10.0425
2.857,-10.0425
2.858,-10.0186
2.859,-9.97973
2.86,-9.92983
2.861,-9.86643
2.862,-9.86643
2.863,-9.78766
2.864,-9.69162
2.865,-9.57488
2.866,-9.45091
2.867,-9.30153
2.868,-9.30153
2.869,-9.15999
2.87,-8.98047
2.871,-8.79939
2.872,-8.58849
2.873,-8.58849
2.874,-8.37696
2.875,-8.17171
2.876,-7.92127
2.877,-7.65043
2.878,-7.38649
2.879,-7.38649
2.88,-7.10341
2.881,-6.81468
2.882,-6.48233
2.883,-6.15137
2.884,-6.15137
2.885,-5.80615
2.886,-5.26792
2.887,-5.26792
2.888,-4.88536
2.889,-4.29315
2.89,-4.29315
2.891,-3.8726
2.892,-3.18373
2.893,-3.18373
2.894,-2.75911
2.895,-2.00339
2.896,-2.00339
2.897,-1.49152
2.898,-0.936974
2.899,-0.396861
2.9,0.166961
2.901,0.747246
2.902,1.33381
2.903,1.33381
2.904,1.99098
2.905,2.63905
2.906,3.21087
2.907,3.697
2.908,3.697
2.909,4.24339
2.91,4.6746
2.911,5.08133
2.912,5.48524
2.913,5.48524
2.914,5.90578
2.915,6.30358
2.916,6.71816
2.917,7.05648
2.918,7.05648
2.919,7.39699
2.92,7.76544
2.921,8.0526
2.922,8.31716
2.923,8.55317
2.924,8.55317
2.925,8.7876
2.926,8.98375
2.927,9.16264
2.928,9.32897
2.929,9.32897
2.93,9.48746
2.931,9.62775
2.932,9.74292
2.933,9.84398
2.934,9.84398
2.935,9.92369
2.936,9.99117
2.937,10.0354
2.938,10.063
2.939,10.0737
2.94,10.0737
2.941,10.0684
2.942,10.0489
2.943,10.0163
2.944,9.9714
2.945,9.9714
2.946,9.91553
2.947,9.83927
2.948,9.74638
2.949,9.65411
2.95,9.65411
2.951,9.54301
2.952,9.40618
2.953,9.25365
2.954,9.09642
2.955,8.93981
2.956,8.93981
2.957,8.74524
2.958,8.5312
2.959,8.31967
2.96,8.11285
2.961,8.11285
2.962,7.8599
2.963,7.59094
2.964,7.33015
2.965,7.05366
2.966,6.76901
2.967,6.76901
2.968,6.46741
2.969,6.11731
2.97,5.78276
2.971,5.42655
2.972,5.42655
2.973,5.06972
2.974,4.66142
2.975,4.27101
2.976,3.86302
2.977,3.4748
2.978,3.4748
2.979,3.01127
2.98,2.5198
2.981,2.04716
2.982,1.54533
2.983,1.54533
2.984,1.04319
2.985,0.230984
2.986,0.230984
2.987,-0.321853
2.988,-0.945761
2.989,-1.53358
2.99,-2.14022
2.991,-2.73934
2.992,-3.32935
2.993,-3.32935
2.994,-3.93725
2.995,-4.46105
2.996,-4.95314
2.997,-5.42767
2.998,-5.42767
2.999,-5.88336
3,-6.29842
